SUCCESS,Reasoning,Digits
SUCCESS,Reasoning,Digits
SUCCESS,Reasoning,Digits
SUCCESS,Reasoning,Digits
SUCCESS,Reasoning,Digits
SUCCESS,Reasoning,Digits
SUCCESS,Reasoning,Digits
SUCCESS,Reasoning,Digits
SUCCESS,Reasoning,Digits
SUCCESS,Reasoning,Digits
SUCCESS,Reasoning,Digits
SUCCESS,Reasoning,Digits
SUCCESS,Reasoning,Digits
SUCCESS,Reasoning,Digits
SUCCESS,Reasoning,Digits
SUCCESS,Reasoning,Digits
SUCCESS,Reasoning,Digits
SUCCESS,Reasoning,Digits
SUCCESS,Reasoning,Digits
SUCCESS,Reasoning,Digits
SUCCESS,Reasoning,Animals
SUCCESS,Reasoning,Animals
SUCCESS,Reasoning,Animals
SUCCESS,Reasoning,Animals
SUCCESS,Reasoning,Animals
